{
  "acc": 0.7684918347742555,
  "precision": 0.6206896551724138,
  "recall": 0.6009538950715422,
  "f1": 0.6106623586429726,
  "tp": 378,
  "tn": 1222,
  "fp": 231,
  "fn": 251
}