{
  "acc": 0.7699327569644573,
  "precision": 0.6209677419354839,
  "recall": 0.6120826709062003,
  "f1": 0.6164931945556446,
  "tp": 385,
  "tn": 1218,
  "fp": 235,
  "fn": 244,
  "loss": 0.5231769242960026,
  "threshold": 0.4887920320034027
}