{
  "acc": 0.7607040913415795,
  "precision": 0.5872534142640364,
  "recall": 0.6262135922330098,
  "f1": 0.6061080657791701,
  "tp": 387,
  "tn": 1212,
  "fp": 272,
  "fn": 231,
  "loss": 0.5309961508502289,
  "threshold": 0.5
}