{
  "train_loss": [
    0.6616850783498082,
    0.6600581228035758,
    0.674663557474428,
    0.6807962848048081,
    0.6606065126767505,
    0.6377414022728319,
    0.5961805566416754,
    0.5531521414222866,
    0.5121730879275468,
    0.44868626363062164,
    0.40224193159478533
  ],
  "val_loss": [
    0.7251924469880938,
    0.7760049956676253,
    0.7906040212033919,
    0.7375769129633102,
    0.7963102372304164,
    0.753107176848493,
    0.7353453501042669,
    0.8490931439811971,
    0.8352659640692383,
    1.1461083256316575,
    0.9217373045674891
  ],
  "train_acc": [
    0.7755224477552245,
    0.7704229577042295,
    0.7665233476652334,
    0.7702229777022298,
    0.7748225177482252,
    0.787021297870213,
    0.8049195080491951,
    0.8167183281671833,
    0.8355164483551645,
    0.8600139986001399,
    0.8777122287771223
  ],
  "val_acc": [
    0.7636887608069164,
    0.7612872238232469,
    0.7742555235350624,
    0.7286263208453411,
    0.7262247838616714,
    0.7756964457252642,
    0.7684918347742555,
    0.7483189241114313,
    0.7540826128722382,
    0.7545629202689721,
    0.7334293948126801
  ],
  "train_f1": [
    0.6214803574439387,
    0.6121621621621622,
    0.6072329688814129,
    0.6054258241758242,
    0.6149110807113543,
    0.6281424581005587,
    0.6586176727909011,
    0.6817155756207676,
    0.7159385252978762,
    0.7583707283396617,
    0.7890288080041401
  ],
  "val_f1": [
    0.5980392156862745,
    0.6064924782264449,
    0.5599250936329588,
    0.6068197633959638,
    0.6019553072625698,
    0.5899912203687444,
    0.6106623586429726,
    0.5860979462875198,
    0.5816993464052288,
    0.5219831618334893,
    0.5879732739420935
  ]
}